{
    "train_loss": [
        0.7162863373756408,
        0.6884244660536448,
        0.6821478346983592,
        0.6722984453042348,
        0.673651909828186,
        0.6564108451207479,
        0.6480143427848816,
        0.6498785674571991,
        0.6498980283737182,
        0.6698285241921743,
        0.6508927563826243,
        0.6398120691378911,
        0.6398140072822571,
        0.6337343792120615,
        0.6435869733492533,
        0.6283283144235611,
        0.6532107432683308,
        0.6392415046691895,
        0.639840445915858,
        0.6450704475243886,
        0.6384024997552236,
        0.6379966020584107,
        0.6305112441380819,
        0.6460246125857035,
        0.6258644938468934,
        0.639438513914744,
        0.6361419965823492,
        0.6405277331670125,
        0.6418853243192036,
        0.6291443109512329,
        0.6468608280022939,
        0.6268258611361186,
        0.6091877847909928,
        0.6342568596204122,
        0.6399904509385427,
        0.6392575164635976,
        0.6251770337422689,
        0.6376659979422887
    ],
    "val_loss": [
        0.5972663402557373,
        0.6022616036236286,
        0.6875501900911332,
        0.6754392050206661,
        0.5728215858340263,
        0.49069244265556333,
        0.4754019945859909,
        0.4906261533498764,
        0.47989137172698976,
        0.4819926083087921,
        0.5218419194221496,
        0.5001535773277282,
        0.5193646848201752,
        0.5033225655555725,
        0.5248546183109284,
        0.5372121870517731,
        0.5462451934814453,
        0.5496568202972412,
        0.5661014914512634,
        0.5781381249427795,
        0.5909016847610473,
        0.5844457149505615,
        0.5778242349624634,
        0.5913005232810974,
        0.5864480137825012,
        0.5943859219551086,
        0.5904997706413269,
        0.5974129140377045,
        0.5883840024471283,
        0.5911985039710999,
        0.597218495607376,
        0.5937638998031616,
        0.5823529720306396,
        0.5984370112419128,
        0.585341727733612,
        0.5863699913024902,
        0.5888501942157746,
        0.5851580500602722
    ]
}